19:31:30,210.6949486748324,0.6159344545050018,129.77427827899226,210.6949486748324,NORMAL
19:31:30,213.39963694541999,0.5700495310844373,121.64836297432583,213.39963694541999,NORMAL
19:31:30,220.4539278324413,1.4611913610528164,322.12537485892426,220.4539278324413,FAULT
19:31:31,216.84651950247311,1.4505970547516887,314.5569225234421,216.84651950247311,FAULT
19:31:31,230.13915457950685,1.0282773316912026,236.64687578868453,230.13915457950685,NORMAL
19:31:31,225.68355345609854,0.9148472110238982,206.4659694532746,225.68355345609854,NORMAL
19:31:32,222.5643799511826,0.7752205808011001,172.53648789139248,222.5643799511826,NORMAL
19:31:32,210.39434522922647,1.025944345003265,215.85288870858957,210.39434522922647,NORMAL
19:31:32,221.86518754211065,0.635532701200263,141.0025819409405,221.86518754211065,NORMAL
19:31:32,222.7925674082867,0.5000976240898882,111.41803362577043,222.7925674082867,NORMAL
19:31:33,224.7128447626611,0.9316007394916919,209.34265235417683,224.7128447626611,NORMAL
19:31:33,213.78336660469182,1.3362943068756965,285.6774956985696,213.78336660469182,FAULT
19:31:33,236.19757921735916,1.0596543493521617,250.2877921241264,236.19757921735916,NORMAL
19:31:34,218.22176612394145,1.1002674710377007,240.10231073856966,218.22176612394145,NORMAL
19:31:34,216.26699412704977,0.7274117692857136,157.3151568360603,216.26699412704977,NORMAL
19:31:34,222.01370865709728,0.8808949308020149,195.5707505245924,222.01370865709728,NORMAL
19:31:35,223.24772191385216,0.8764297265648667,195.66093987318686,223.24772191385216,NORMAL
19:31:35,229.99452665871416,0.49061237833141846,112.83816172724059,229.99452665871416,NORMAL
19:31:35,230.61239826455494,1.1933788056720573,275.2079484141234,230.61239826455494,FAULT
19:31:36,220.7041683214973,1.0564028048718177,233.1525024617315,220.7041683214973,NORMAL
19:31:36,221.69134549213967,0.8685551743706594,192.55116524039147,221.69134549213967,NORMAL
19:31:36,212.72574123045598,0.7612293824109143,161.93308461976397,212.72574123045598,NORMAL
19:31:36,215.57744212747323,0.6971054177682454,150.28020285568198,215.57744212747323,NORMAL
19:31:37,218.56170800488306,0.6154002859503869,134.50293760401,218.56170800488306,NORMAL
19:31:37,227.6681075796219,0.8881871202002911,202.21188083259446,227.6681075796219,NORMAL
19:31:37,211.30103157080217,1.1625616697025103,245.65048007281462,211.30103157080217,NORMAL
19:31:38,225.11874301520726,1.7473531633070787,393.36194772733575,225.11874301520726,FAULT
19:31:38,224.10258508535347,0.9152354314545058,205.10662615066357,224.10258508535347,NORMAL
19:31:38,217.89068555110717,0.6059010015082331,132.02018459473132,217.89068555110717,NORMAL
19:31:39,219.68278676288023,0.7392418688937137,162.39871385037077,219.68278676288023,NORMAL
19:31:39,217.16510330450677,0.7515689584660704,163.21455050574474,217.16510330450677,NORMAL
19:31:39,233.57542292533526,0.6033907580069189,140.9372514907047,233.57542292533526,NORMAL
19:31:39,208.19173859492713,1.4001655822177446,291.50290688269064,208.19173859492713,FAULT
19:31:40,215.39346529962344,0.8750727966324641,188.48496205609908,215.39346529962344,NORMAL
19:31:40,221.52972620040006,1.0746921861363237,238.07626574448915,221.52972620040006,NORMAL
19:31:40,209.2060283561094,0.6749488770916241,141.2033739197545,209.2060283561094,NORMAL
19:31:41,228.23880217618603,1.2213653310926758,278.7629601881132,228.23880217618603,FAULT
19:31:41,206.20443056695365,0.7076041943779817,145.9111199684997,206.20443056695365,NORMAL
19:31:41,211.5841633521669,0.8271313961488714,175.0079044364687,211.5841633521669,NORMAL
19:31:42,217.6148650175335,0.7459692672528414,162.33400140045546,217.6148650175335,NORMAL
19:31:42,221.38094168700584,1.4052861874815117,311.1035795243993,221.38094168700584,FAULT
19:31:42,209.76833701924016,0.8727009255380633,183.0650218652713,209.76833701924016,NORMAL
19:31:43,235.71023511492967,0.9783243726462441,230.60106789511227,235.71023511492967,NORMAL
19:31:43,215.22760550222435,1.6499212390495022,355.1085975478874,215.22760550222435,FAULT
19:31:43,231.50214837411283,0.6911592524858347,160.0048518191166,231.50214837411283,NORMAL
19:31:43,215.27506614280682,0.654112723816857,140.81415988452542,215.27506614280682,NORMAL
19:31:44,218.5379935803227,0.9256524193964052,202.29022248766177,218.5379935803227,NORMAL
19:31:44,227.1536820711561,0.8963806138173476,203.61615696581353,227.1536820711561,NORMAL
19:31:44,226.7374375062503,1.1280213390155156,255.76466786074727,226.7374375062503,NORMAL
19:31:45,212.93541885278717,1.2870602028571319,274.06070338413656,212.93541885278717,FAULT
19:32:42,222.8579129483837,0.9942915382225285,221.58573707051076,222.8579129483837,NORMAL
19:32:42,216.72784754583057,1.0960321583837298,237.54069052751663,216.72784754583057,NORMAL
19:32:43,221.3744558276397,0.5729378921826438,126.83381410496769,221.3744558276397,NORMAL
19:32:43,216.49000176241225,0.9621677424508611,208.29969625892315,216.49000176241225,NORMAL
19:32:43,225.3352254306189,0.4831928612525269,108.88037231680391,225.3352254306189,NORMAL
19:32:44,221.467250537845,0.7759371898892458,171.844676034833,221.467250537845,NORMAL
19:32:44,214.76331541629452,1.084510562773932,232.91308406532104,214.76331541629452,NORMAL
19:32:44,208.07329017771264,1.2490031199229563,259.8841886045977,208.07329017771264,NORMAL
19:32:45,225.61861085472364,1.197199904357742,270.11057933660175,225.61861085472364,FAULT
19:32:45,215.44105524404998,1.188728935377139,256.10101623678696,215.44105524404998,NORMAL
19:32:45,214.45250701220886,0.6520101244701948,139.82520578997563,214.45250701220886,NORMAL
19:32:45,217.156069449854,1.1995427745704026,260.4879940626809,217.156069449854,FAULT
19:32:46,220.35970963029345,0.4404279425742118,97.05257353872088,220.35970963029345,NORMAL
19:32:46,217.69906346794065,0.988416369000915,215.17731784788162,217.69906346794065,NORMAL
19:32:46,225.86328602519936,0.5430571438625408,122.65667101225289,225.86328602519936,NORMAL
19:32:47,224.86993172600765,0.4476056645708193,100.65305523221441,224.86993172600765,NORMAL
19:32:47,223.7133300073399,0.9742946135364028,217.96269240244297,223.7133300073399,NORMAL
19:32:47,219.34216866643192,1.0717137788685802,235.07202444673123,219.34216866643192,NORMAL
19:32:48,228.91067146351102,1.2069305995257822,276.2792939473047,228.91067146351102,FAULT
19:32:48,218.17026323791427,0.8037222360497877,175.34829180914724,218.17026323791427,NORMAL
19:32:48,227.8643555041102,0.8382596832240148,191.0095024629197,227.8643555041102,NORMAL
19:32:49,224.8235972605452,0.46720505882540064,105.0387219834512,224.8235972605452,NORMAL
19:32:49,216.3609230578156,0.9226500720915732,199.62542125709288,216.3609230578156,NORMAL
19:32:49,227.36870243008934,1.3819218116262983,314.2057691693098,227.36870243008934,FAULT
19:32:49,219.01245279047706,0.6187813282596996,135.52081644310613,219.01245279047706,NORMAL
19:32:50,215.45425975646563,1.2922434157388414,278.41934856317874,215.45425975646563,FAULT
19:32:50,207.12929160679195,0.8159099106581144,168.99884180957613,207.12929160679195,NORMAL
19:32:50,231.75506934588824,1.0997130471538616,254.86407350372127,231.75506934588824,NORMAL
19:32:51,212.85142761410896,1.5573398692034082,331.48201444031514,212.85142761410896,FAULT
19:32:51,217.66524290552388,1.3878542366720787,302.08762954268843,217.66524290552388,FAULT
19:32:51,230.0698838658324,1.6448705877563718,378.4351850994319,230.0698838658324,FAULT
19:32:52,217.32494517148632,0.9375349738483625,203.74973678794623,217.32494517148632,NORMAL
19:32:52,213.63993244826025,1.0684025202164744,228.2534422465986,213.63993244826025,NORMAL
19:32:52,224.8435992134972,0.6456328589667814,145.16641578059136,224.8435992134972,NORMAL
19:32:53,214.3934376521541,1.2341273224227032,264.58879915465167,214.3934376521541,FAULT
19:32:53,210.61151342530363,1.191674400305317,250.98034895849392,210.61151342530363,NORMAL
19:32:53,238.93884405099664,0.9506800013781183,227.15438059168747,238.93884405099664,NORMAL
19:32:53,225.65239663929106,0.6420707093831183,144.88479438419037,225.65239663929106,NORMAL
19:32:54,211.83033402998615,1.0291367224525936,218.00237567965803,211.83033402998615,NORMAL
19:32:54,201.44776510428798,0.7603067539558124,153.16209637809416,201.44776510428798,NORMAL
19:32:54,216.0318360093904,0.8750655207532294,189.04201107683346,216.0318360093904,NORMAL
19:32:55,230.92484160026453,0.9355702345083003,216.0464082097516,230.92484160026453,NORMAL
19:32:55,217.1171164906618,0.8548753270841623,185.60806597552465,217.1171164906618,NORMAL
19:32:55,217.49619017638713,0.7497705650170263,163.07224139760038,217.49619017638713,NORMAL
19:32:56,220.22053044486765,0.9814272502028417,216.13042963271764,220.22053044486765,NORMAL
19:32:56,214.68155238150047,0.8287086815661067,177.9084662306383,214.68155238150047,NORMAL
19:32:56,221.34800141250355,0.9503007083632342,210.34716253708828,221.34800141250355,NORMAL
19:32:57,228.43238628601247,1.3011549872807258,297.2259386724824,228.43238628601247,FAULT
19:32:57,227.63994720192062,1.1802743737554975,268.6775961254814,227.63994720192062,FAULT
19:32:57,231.8436209009616,0.918315240147118,212.90553040424393,231.8436209009616,NORMAL
19:38:07,220.30303886639325,0.9153546287236578,201.65540634824094,220.30303886639325,NORMAL
19:38:08,217.31364143516004,1.0296897269989684,223.76562412252164,217.31364143516004,NORMAL
19:38:08,224.7755715415095,1.170298607283575,263.05453832639813,224.7755715415095,FAULT
19:38:09,225.70142537126003,0.9204395203395531,207.74451170867601,225.70142537126003,NORMAL
19:38:09,215.25817070203811,1.3487232253639694,290.32369427520075,215.25817070203811,FAULT
19:38:09,213.77437590840023,0.8429540472983374,180.2019753806622,213.77437590840023,NORMAL
19:38:09,218.0281955837714,0.7913776066105727,172.54263159470685,218.0281955837714,NORMAL
19:38:10,205.8151920313262,1.0385817420312426,213.7559006763895,205.8151920313262,NORMAL
19:38:10,224.11550898360227,0.984003588483259,220.5304650746167,224.11550898360227,NORMAL
19:38:10,224.36503169478937,1.2459624893120003,279.5504134050056,224.36503169478937,FAULT
19:38:11,229.8753028225522,0.8067377803610127,185.4490915588814,229.8753028225522,NORMAL
19:38:11,207.82177768610256,1.2735421969148804,264.6698033211149,207.82177768610256,FAULT
19:38:11,224.68603427350453,1.224351979154529,275.0947907511476,224.68603427350453,FAULT
19:38:12,218.58322850856425,1.043616951764837,228.11716264302464,218.58322850856425,NORMAL
19:38:12,232.54920525120937,1.0288763742655194,239.26438313719237,232.54920525120937,NORMAL
19:38:12,217.21849164765842,1.3816356288169653,300.11680729828527,217.21849164765842,FAULT
19:38:12,211.98347139171315,1.0284053613088342,218.0049384880957,211.98347139171315,NORMAL
19:38:13,220.785040840133,1.2107242397564688,267.30980072077097,220.785040840133,FAULT
19:38:13,203.67776431520602,1.2778784833347918,260.27543255213664,203.67776431520602,FAULT
19:38:13,231.6621044628994,1.0628592707915132,246.22421541946463,231.6621044628994,NORMAL
19:38:14,229.0912729152641,0.5676637294517992,130.04680636793879,229.0912729152641,NORMAL
19:38:14,228.8330637052697,1.002518349318857,229.40934529538382,228.8330637052697,NORMAL
19:38:14,233.39750989620183,0.7961026359735484,185.8083728580286,233.39750989620183,NORMAL
19:38:15,220.7189987368904,1.0021320683271755,221.18958672330322,220.7189987368904,NORMAL
19:38:15,210.56444140141062,0.9149354338241449,192.65286854153837,210.56444140141062,NORMAL
19:38:15,219.7737058027927,1.581569357212468,347.5873586187249,219.7737058027927,FAULT
19:38:15,222.88286550888606,1.1296483411665548,251.77925929656146,222.88286550888606,NORMAL
19:38:16,223.52350268780785,0.9720578885324509,217.27778406008812,223.52350268780785,NORMAL
19:38:16,221.65580892215513,0.6664614565843066,147.72505327463224,221.65580892215513,NORMAL
19:38:16,227.37767441910884,0.6252216838830276,142.16145247772204,227.37767441910884,NORMAL
19:38:17,198.4386901557419,0.7008145643156074,139.06872418485608,198.4386901557419,NORMAL
19:38:17,219.76801866102502,0.9631549529152799,211.6706556657439,219.76801866102502,NORMAL
19:38:17,207.47805877183538,1.2832564137508682,266.2475496315373,207.47805877183538,FAULT
19:38:18,221.2842568145099,1.102689441652313,244.00781359323895,221.2842568145099,NORMAL
19:38:18,201.79220175997926,1.1202133019718958,226.05030864572538,201.79220175997926,NORMAL
19:38:18,209.22884192879684,1.394122288520961,291.69059193436465,209.22884192879684,FAULT
19:38:19,217.13286919770962,1.5220075311064385,330.4778621696633,217.13286919770962,FAULT
19:38:19,206.99450977231555,1.1126539660382788,230.31326224631616,206.99450977231555,NORMAL
19:38:19,222.86565877853047,1.0875360812475532,242.3744451926574,222.86565877853047,NORMAL
19:38:19,213.67427486629754,0.5409873771911244,115.59508553313371,213.67427486629754,NORMAL
19:38:20,227.6507535350694,0.7312141470855025,166.46145157951773,227.6507535350694,NORMAL
19:38:20,233.9604805593349,0.6818195581317044,159.51883147524694,233.9604805593349,NORMAL
19:38:20,211.18710013429055,1.143832606556942,241.56269121780747,211.18710013429055,NORMAL
19:38:21,216.32841223450433,1.3474065843477132,291.4823270262575,216.32841223450433,FAULT
19:38:21,228.31422627972714,0.5765868382493802,131.6429778579814,228.31422627972714,NORMAL
19:38:21,217.46238300570343,0.707707025686058,153.89965627556876,217.46238300570343,NORMAL
19:38:22,223.33351314029315,1.1001913200975468,245.70959264384194,223.33351314029315,NORMAL
19:38:22,228.92210525168136,0.605352131638127,138.57848439319298,228.92210525168136,NORMAL
19:38:22,234.97922089897645,1.2534385850064387,294.5320221495284,234.97922089897645,FAULT
19:38:22,208.5817276942372,0.5743180781274819,119.79225698186409,208.5817276942372,NORMAL
19:41:01,214.17916030195,0.7339756852230883,157.20229594312943,214.17916030195,NORMAL
19:41:02,214.19018878658434,0.5552354481353354,118.92598545711125,214.19018878658434,NORMAL
19:41:02,223.34668783581768,1.0181990714290856,227.4113901611914,223.34668783581768,NORMAL
19:41:02,226.42930797477973,1.655490666591589,374.8516059950403,226.42930797477973,FAULT
19:41:03,221.49365723035928,0.9641249356492724,213.54755802394212,221.49365723035928,NORMAL
19:41:03,219.66271893966527,0.8019769742992844,176.16444270158686,219.66271893966527,NORMAL
19:41:03,222.57818707180073,1.3488148452852118,300.21676295911385,222.57818707180073,FAULT
19:41:04,204.69130493169482,1.5039943591004725,307.85456797418374,204.69130493169482,FAULT
19:41:04,219.10757667051175,1.5335930951968846,336.0218666872188,219.10757667051175,FAULT
19:41:04,218.63883062713094,1.155171867117933,252.56542620002435,218.63883062713094,NORMAL
19:41:05,223.51520553613673,1.1373643981915291,254.21823723126408,223.51520553613673,NORMAL
19:41:05,215.85674896146045,1.2041266797096442,259.91887041988156,215.85674896146045,NORMAL
19:41:05,224.46023441487128,0.7603993994702374,170.67942745401683,224.46023441487128,NORMAL
19:41:05,223.06916949207368,0.7183277248995172,160.2367690164661,223.06916949207368,NORMAL
19:41:06,222.36454460026707,1.0149892395625861,225.69762002950583,222.36454460026707,NORMAL
19:41:06,210.98983496396255,1.0010425085872021,211.20979367872485,210.98983496396255,NORMAL
19:41:06,219.82293604841715,0.7881855453155162,173.26126072217951,219.82293604841715,NORMAL
19:41:07,215.11556654373615,1.3732261880770584,295.4023294408916,215.11556654373615,FAULT
19:41:07,209.50122638731665,1.3808977986237256,289.29978232721635,209.50122638731665,FAULT
19:41:07,226.48857744327313,1.0563749133087887,239.25685136206855,226.48857744327313,NORMAL
19:41:08,225.16862868671745,0.8161854052807138,183.77934846117105,225.16862868671745,NORMAL
19:41:08,219.74881057938094,0.979858271538473,215.32268970694753,219.74881057938094,NORMAL
19:41:08,207.2411160773203,1.014481230866743,210.24222252431747,207.2411160773203,NORMAL
19:41:09,220.075957278353,0.9567671469271591,210.56144575247316,220.075957278353,NORMAL
19:41:09,219.95819294646216,0.45722689557116125,100.57080171635339,219.95819294646216,NORMAL
19:41:09,199.9922608451516,0.9226765041973328,184.5281601031256,199.9922608451516,NORMAL
19:41:09,210.73829837770052,0.5510805633464602,116.13378018865761,210.73829837770052,NORMAL
19:41:10,202.68132473091097,0.9208796443193558,186.64510622837713,202.68132473091097,NORMAL
19:41:10,218.69243193038443,1.0239875185099732,223.93832068930558,218.69243193038443,NORMAL
19:41:11,217.66923351923313,0.9394358287982106,204.48627679501203,217.66923351923313,NORMAL
19:41:11,238.89018722964778,0.7818118946540432,186.76718989227004,238.89018722964778,NORMAL
19:41:12,225.8080733400593,0.9902410418614229,223.60442180498092,225.8080733400593,NORMAL
19:41:12,214.55644101634152,0.7191694509341963,154.3024378801176,214.55644101634152,NORMAL
19:41:13,217.85676286306227,0.9567878939753742,208.44271332804186,217.85676286306227,NORMAL
19:41:13,223.1972106851133,1.0089491726157807,225.19464105089514,223.1972106851133,NORMAL
19:41:14,217.84589797733784,0.8487488335879507,184.8964518101852,217.84589797733784,NORMAL
19:41:14,209.22780425564392,0.8983429564902837,187.9583242549855,209.22780425564392,NORMAL
19:41:15,225.1794818641728,0.7000350010254104,157.6335188176876,225.1794818641728,NORMAL
19:41:15,218.1054304441512,0.6651216891946192,145.06665231953338,218.1054304441512,NORMAL
19:41:16,223.74851833822726,0.8148474529833611,182.32091027670535,223.74851833822726,NORMAL
19:41:16,226.18905897527242,1.3286005138393908,300.5148999793952,226.18905897527242,FAULT
19:41:16,223.46871348706,0.23763771732163386,53.10459496586715,223.46871348706,NORMAL
19:41:17,209.03137538435436,1.0246855984310668,214.1914399765861,209.03137538435436,NORMAL
19:41:17,198.99749727746325,0.6834048560429762,135.99585597981732,198.99749727746325,NORMAL
19:41:18,218.66735924796885,0.8648179028777359,189.1074470526409,218.66735924796885,NORMAL
19:41:18,208.44900012162915,1.2643730065229055,263.55728899047773,208.44900012162915,FAULT
19:41:19,219.24189425280855,0.6701983391434954,146.93555339890614,219.24189425280855,NORMAL
19:41:19,215.4437314856689,0.8027718836213924,172.95217013917193,215.4437314856689,NORMAL
19:41:20,215.97614810370428,1.1440232894039069,247.0817433863851,215.97614810370428,NORMAL
19:41:20,206.55587161724077,0.9099269319590637,187.95075053880615,206.55587161724077,NORMAL
19:41:20,207.28046568332744,0.7750307056004726,160.6487255757438,207.28046568332744,NORMAL
19:41:21,217.83168109099256,0.8710018785566138,189.73180343939973,217.83168109099256,NORMAL
19:41:21,223.05976818151368,0.9216149281038204,205.57521221546057,223.05976818151368,NORMAL
19:41:21,213.16060025001468,0.9312419832765197,198.50410013323707,213.16060025001468,NORMAL
19:41:22,220.7216390210705,1.3638913084160555,301.04032504018414,220.7216390210705,FAULT
19:41:22,213.78749025723238,1.2291382358507668,262.7743786217376,213.78749025723238,FAULT
19:41:23,220.61733496467482,1.0033112374633268,221.34785134926918,220.61733496467482,NORMAL
19:41:23,213.84276736533033,1.4236693878379323,304.4414017085692,213.84276736533033,FAULT
19:41:23,221.40149313300245,0.9748128502198012,215.82502056390186,221.40149313300245,NORMAL
19:41:24,221.40380698482673,1.0848685858964593,240.19403499572158,221.40380698482673,NORMAL
19:41:24,217.8050064481861,0.7616052842797307,165.88144385351936,217.8050064481861,NORMAL
19:41:24,228.56858085780362,1.310483100415329,299.5352625000663,228.56858085780362,FAULT
19:41:24,227.5366830088321,0.9451887874103571,215.06512150449282,227.5366830088321,NORMAL
19:41:25,222.36545607417844,0.9874452443259066,219.5737121028088,222.36545607417844,NORMAL
19:41:25,213.24229751946393,1.1220494629430857,239.26840540846422,213.24229751946393,NORMAL
19:41:26,203.78217956611675,0.5768687139192151,117.55556384596034,203.78217956611675,NORMAL
19:41:26,214.48032443708234,1.3242996356031678,284.0362154960774,214.48032443708234,FAULT
19:41:26,208.8266527672724,1.2905289715769959,269.49684543361445,208.8266527672724,FAULT
19:41:26,218.09627482265,0.8740399467639265,190.6248564353997,218.09627482265,NORMAL
19:41:27,208.78102569756226,1.0271934029330554,214.45849225413266,208.78102569756226,NORMAL
19:41:27,213.13135986479097,0.8895650766664067,189.5942144781383,213.13135986479097,NORMAL
19:41:28,224.87756954982976,1.0869525498573032,244.4312476279005,224.87756954982976,NORMAL
19:41:28,231.74354428846377,0.9140945912683799,211.83552039544898,231.74354428846377,NORMAL
19:41:28,227.20671795591895,1.0239960449917456,232.65878058241603,227.20671795591895,NORMAL
19:41:29,218.00977907882756,1.0163267795467916,221.56917668089233,218.00977907882756,NORMAL
19:41:29,219.60860015137774,1.1675004585546735,256.39314137928346,219.60860015137774,NORMAL
19:41:29,214.98643640316018,0.6742624415612897,144.9572795117557,214.98643640316018,NORMAL
19:41:30,208.64514751859397,0.6852814948979644,142.98065859474838,208.64514751859397,NORMAL
19:41:30,213.4323278185065,1.40127336911702,299.0770370807269,213.4323278185065,FAULT
19:41:31,232.52977505211365,1.0120362653031285,235.32856511551768,232.52977505211365,NORMAL
19:41:31,217.69908765411614,0.9310165733421041,202.68145860743758,217.69908765411614,NORMAL
19:41:32,219.50296364496032,1.003219427077088,220.20963742961996,219.50296364496032,NORMAL
19:41:32,221.2630373635296,0.8170368760470745,180.78006083218537,221.2630373635296,NORMAL
19:41:33,240.57764257808864,1.6638650390974024,400.28872867415237,240.57764257808864,FAULT
19:41:33,217.49936006412287,0.3918210114619406,85.22081925264943,217.49936006412287,NORMAL
19:41:34,220.71815401116274,0.8564713433259327,189.03877386236064,220.71815401116274,NORMAL
19:41:34,226.10021546483188,0.8853638110426199,200.18094844150104,226.10021546483188,NORMAL
19:41:35,225.4029225187406,1.1544933809711329,260.22618209943516,225.4029225187406,FAULT
19:41:35,219.62775569458634,0.685615071690054,150.58009946566946,219.62775569458634,NORMAL
19:41:36,215.2503076930916,1.224236857994251,263.5173603724862,215.2503076930916,FAULT
19:41:36,207.57952600585693,0.7926993646809339,164.5481583856122,207.57952600585693,NORMAL
19:41:37,205.83984451965736,0.6234272420118772,128.3261665650436,205.83984451965736,NORMAL
19:41:37,226.5807479366684,1.2489159468534525,282.98030934808764,226.5807479366684,FAULT
19:41:38,223.79107736332801,0.5269269776722247,117.92155602506946,223.79107736332801,NORMAL
19:41:38,216.31378977984295,0.9114698021273264,197.16348716804555,216.31378977984295,NORMAL
19:41:39,201.6632485458043,0.9870141860834114,199.04448712637372,201.6632485458043,NORMAL
19:41:39,209.92411897222433,0.9545977084417061,200.39308291752943,209.92411897222433,NORMAL
19:41:40,224.0739304636989,0.6568115242486909,147.17433981225724,224.0739304636989,NORMAL
19:41:41,226.0981168026017,1.0549023160553888,238.51142707082636,226.0981168026017,NORMAL
19:41:41,224.1027059964471,1.0672158474438316,239.16595929445413,224.1027059964471,NORMAL
19:41:42,223.86937914630042,1.0864135520368752,243.2147273906222,223.86937914630042,NORMAL
19:41:42,215.34773775585035,0.887280600175822,191.07387000251643,215.34773775585035,NORMAL
19:41:43,216.510309279995,0.85338440629692,184.76652174207106,216.510309279995,NORMAL
19:41:43,221.05577986071535,0.8133453821467238,179.79469774655558,221.05577986071535,NORMAL
19:41:44,229.9714934684601,0.8402018958075029,193.22248479388296,229.9714934684601,NORMAL
19:41:44,206.47642523264517,1.27473101949366,263.20190403821624,206.47642523264517,FAULT
19:41:45,208.60851783799478,0.9523982873941561,198.6783951247395,208.60851783799478,NORMAL
19:41:45,222.7199507659679,0.9365518117908367,208.5887734118332,222.7199507659679,NORMAL
19:41:46,225.1739537163401,1.3996520197915039,315.165179123514,225.1739537163401,FAULT
19:41:47,212.73407831993507,0.9286796735793413,197.56181441335934,212.73407831993507,NORMAL
19:41:47,217.09115330360453,0.9155449958704464,198.75671905485905,217.09115330360453,NORMAL
19:41:48,227.75829843351474,1.0468761203808135,238.4347238486134,227.75829843351474,NORMAL
19:41:48,224.66942566318747,1.098124145483928,246.7149210727526,224.66942566318747,NORMAL
19:41:49,219.7148730664885,1.0940408495855736,240.37704639624755,219.7148730664885,NORMAL
19:41:49,231.43946292711655,1.134791828611743,262.6356113479823,231.43946292711655,FAULT
19:41:49,219.35333675825288,0.8069833333788383,177.01448688494577,219.35333675825288,NORMAL
19:41:50,215.8312304068761,0.908984160309741,196.18716974001254,215.8312304068761,NORMAL
19:41:50,207.77952103689577,1.5840977497865287,329.1430717262693,207.77952103689577,FAULT
19:41:51,220.98910174509223,0.7593393160292523,167.8057133690372,220.98910174509223,NORMAL
19:41:51,220.71139247226353,0.8454432297451653,186.59895249330324,220.71139247226353,NORMAL
19:41:52,228.17283962902482,1.1266315860461416,257.06672820390014,228.17283962902482,NORMAL
19:41:53,221.83742063285555,0.9188615323639359,203.83787225836866,221.83742063285555,NORMAL
19:41:53,230.47608563901636,0.7908727894067105,182.27726474086876,230.47608563901636,NORMAL
19:41:54,211.59951959560388,0.7637924269807825,161.61811061989394,211.59951959560388,NORMAL
19:41:54,211.20436981608728,1.389301356135828,293.426517407303,211.20436981608728,FAULT
19:41:55,223.0677931294522,1.064811308561578,237.5251087001154,223.0677931294522,NORMAL
19:41:55,219.51915591895903,1.0781344438678353,236.67116308502352,219.51915591895903,NORMAL
19:41:56,219.4450665503715,1.0543465827549312,231.37115601981264,219.4450665503715,NORMAL
19:41:56,218.61830983283795,0.6346208986821757,138.73974825449395,218.61830983283795,NORMAL
19:41:57,225.3300909973389,0.8230579284697301,185.45971791816555,225.3300909973389,NORMAL
19:41:57,238.91021660169366,0.9596335920700735,229.26626933972258,238.91021660169366,NORMAL
19:41:58,203.16255715185864,1.226903793890726,249.26091214615678,203.16255715185864,NORMAL
19:41:58,217.2822688979224,1.0542488492352857,229.0695819448666,217.2822688979224,NORMAL
19:41:59,226.04958282663782,0.8390696602447525,189.67134666081503,226.04958282663782,NORMAL
19:42:00,227.51891948745242,0.7176929728115691,163.28872969782577,227.51891948745242,NORMAL
19:42:00,222.72948917848166,1.281593979078573,285.4487722943883,222.72948917848166,FAULT
19:42:01,228.20240144682165,0.3926994307532625,89.61495314469435,228.20240144682165,NORMAL
19:42:01,203.95097969329208,0.9666996715440789,197.15934508059857,203.95097969329208,NORMAL
19:42:02,225.26895322863143,1.3583733508032925,305.99934282912625,225.26895322863143,FAULT
19:42:02,222.84071391260645,1.2340009908718312,274.9856617747426,222.84071391260645,FAULT
19:42:03,224.38764316601447,1.0308333980376334,231.30627668247865,224.38764316601447,NORMAL
19:42:04,230.10657747195214,0.7567998355819432,174.14461999709704,230.10657747195214,NORMAL
19:42:04,228.19359249585827,1.1070541180461977,252.6226562842958,228.19359249585827,NORMAL
19:42:05,228.7314204434547,1.0212777958364332,233.5983209090279,228.7314204434547,NORMAL
19:42:05,210.46590866900294,0.942318514348343,198.3259223779489,210.46590866900294,NORMAL
19:42:06,219.1256273263089,1.0500860273027266,230.1007594793015,219.1256273263089,NORMAL
19:42:07,213.32706767528097,1.2574732328889588,268.2530774523573,213.32706767528097,FAULT
19:42:07,218.58171405521935,0.8192084503101299,179.0639872373082,218.58171405521935,NORMAL
19:42:08,203.9829324892525,0.8296705353866097,169.2386288080888,203.9829324892525,NORMAL
19:42:08,208.6613578991897,0.9248786583229563,192.9864367376488,208.6613578991897,NORMAL
19:42:09,222.24719139384595,0.7526179946958376,167.26723551361835,222.24719139384595,NORMAL
19:42:09,228.83070752419164,0.6674601338918152,152.73537468265576,228.83070752419164,NORMAL
19:42:37,211.8890359610707,1.1778964922814248,249.58335221143787,211.8890359610707,NORMAL
19:42:37,221.68881122938524,0.9008512685257758,199.70864681396293,221.68881122938524,NORMAL
19:42:38,234.17852562072005,0.557917238277949,130.65223627831406,234.17852562072005,NORMAL
19:42:38,228.63724020141476,0.9409734422541067,215.14157093980427,228.63724020141476,NORMAL
19:42:39,216.79665838686918,0.8294706325888797,179.82646137531162,216.79665838686918,NORMAL
19:42:39,228.01207737612594,0.5788185795457435,131.97762674612338,228.01207737612594,NORMAL
19:42:40,220.86378564985532,0.4241166597053987,93.6720110197058,220.86378564985532,NORMAL
19:42:40,226.94063660421563,1.1007218720220933,249.7985223608778,226.94063660421563,NORMAL
19:42:41,221.6567991992178,0.6029259625348129,133.64263900957414,221.6567991992178,NORMAL
19:42:41,219.013469584515,0.6226090627399563,136.3597710254408,219.013469584515,NORMAL
19:42:41,216.61659059330424,1.331195980125818,288.35913462636665,216.61659059330424,FAULT
19:42:42,216.0322370408425,0.9568979949220295,206.72081446290278,216.0322370408425,NORMAL
19:42:42,207.49257416112195,0.8986247724924664,186.45796724941442,207.49257416112195,NORMAL
19:42:43,227.67563685817947,1.235743390806436,281.34866349514147,227.67563685817947,FAULT
19:42:43,203.76050102107666,1.4893023580583298,303.4609946498362,203.76050102107666,FAULT
19:42:44,217.59648086596405,0.5834129995065005,126.94861558407094,217.59648086596405,NORMAL
19:42:44,229.29058795221826,1.0635958297820507,243.87251315425385,229.29058795221826,NORMAL
19:42:45,228.7844074863214,0.9875785109110231,225.94256446500202,228.7844074863214,NORMAL
19:42:45,221.36271175988406,1.5416034577734385,341.25352187114225,221.36271175988406,FAULT
19:42:45,233.18786038190476,0.9183978919607716,214.15923940558406,233.18786038190476,NORMAL
19:42:45,216.22401198106252,0.9962075476723211,215.40399272352488,216.22401198106252,NORMAL
19:42:46,228.1793282571311,1.333413048401049,304.2572936734448,228.1793282571311,FAULT
19:42:46,212.16617718978466,1.3780594766479317,292.37761110054697,212.16617718978466,FAULT
19:42:47,219.9377265001761,1.5664784447352398,344.5277077466004,219.9377265001761,FAULT
19:42:47,223.2170489834917,1.2081357033792854,269.67648647991916,223.2170489834917,FAULT
19:42:48,219.20430671168307,1.1899018313776901,260.8316060021086,219.20430671168307,FAULT
19:42:48,218.85396469353788,0.9258074268116325,202.61662590044818,218.85396469353788,NORMAL
19:42:49,211.79643847946085,1.1556163789437583,244.75543330881902,211.79643847946085,NORMAL
19:42:49,213.17407916876135,1.067672913285144,227.60019014298933,213.17407916876135,NORMAL
19:42:50,208.64092106008255,1.2547788899109418,261.7982233177668,208.64092106008255,FAULT
19:42:50,218.34338552601912,0.6447043025022287,140.76692007152735,218.34338552601912,NORMAL
19:42:51,218.51678606589104,0.6358675996917427,138.94774424807218,218.51678606589104,NORMAL
19:42:51,214.04842748421544,1.2800800459248198,273.99912088413,214.04842748421544,FAULT
19:42:52,233.41767329906446,0.8815616778722832,205.77207571856772,233.41767329906446,NORMAL
19:42:52,204.8220906118504,1.1786213702611328,241.40769309668903,204.8220906118504,NORMAL
19:42:53,211.81958624413082,1.0392236129490473,220.12791570999795,211.81958624413082,NORMAL
19:42:53,219.6400948473153,1.1428268045169827,251.01058773816436,219.6400948473153,NORMAL
19:42:53,232.94825993096381,0.7462161376211444,173.8297507912502,232.94825993096381,NORMAL
19:42:54,223.36247235107584,0.7082520315376997,158.19692481193275,223.36247235107584,NORMAL
19:42:54,214.36392364896335,1.2654963017369887,271.2767526035933,214.36392364896335,FAULT
19:42:55,227.451776850997,0.8433434832225057,191.8199737546679,227.451776850997,NORMAL
19:42:55,227.1628599799573,1.0445721852098235,237.28800504777715,227.1628599799573,NORMAL
19:42:56,222.51145214461047,1.020075311046575,226.97843875783863,222.51145214461047,NORMAL
19:42:56,232.9109504365121,1.0780090639981148,251.08011567497573,232.9109504365121,NORMAL
19:42:57,218.17562774670753,0.7703296995165347,168.06716576395254,218.17562774670753,NORMAL
19:42:57,213.06350965379653,1.3776210294535196,293.5207715082431,213.06350965379653,FAULT
19:42:58,218.0237258478066,0.8110522865673448,176.82864137479547,218.0237258478066,NORMAL
19:42:58,217.33290528764377,0.8847652458220416,192.28860137204063,217.33290528764377,NORMAL
19:42:59,211.58677434908566,1.2022041454184562,254.37049723819027,211.58677434908566,NORMAL
19:42:59,220.5338409475231,0.922454436204597,203.43241991528168,220.5338409475231,NORMAL
19:43:00,214.70542276933722,1.2410569488277066,266.46165687887645,214.70542276933722,FAULT
19:43:00,225.75341931319895,0.6802691791618067,153.57309324916102,225.75341931319895,NORMAL
19:43:01,222.63299159080452,0.5570968851679862,124.02814615086766,222.63299159080452,NORMAL
19:43:01,219.72175845168636,1.182053412864235,259.72285445834694,219.72175845168636,NORMAL
19:43:02,224.3589872534102,0.9711273279779725,217.88114379924824,224.3589872534102,NORMAL
19:43:02,222.9117803185382,0.9992343465272795,222.741107139827,222.9117803185382,NORMAL
19:43:03,219.88662956926078,1.6791709011000453,369.2272299136675,219.88662956926078,FAULT
19:43:03,211.56731343335235,1.0165098108056876,215.06024975080462,211.56731343335235,NORMAL
19:43:03,219.88035895440393,1.1819731369397595,259.89267762477715,219.88035895440393,NORMAL
19:43:04,223.34496864711787,0.5557434438804196,124.12250204931362,223.34496864711787,NORMAL
19:43:04,223.44787450279534,0.7945285528606975,177.53571636850472,223.44787450279534,NORMAL
19:43:05,222.29946717205019,0.6761252982026191,150.30229353198578,222.29946717205019,NORMAL
19:43:05,218.52753970425823,0.6514622584329228,142.36244454552627,218.52753970425823,NORMAL
19:43:06,230.7777364988113,1.000712034348323,230.94205817402667,230.7777364988113,NORMAL
19:43:06,205.89790107584165,1.0381670535497904,213.75641729199276,205.89790107584165,NORMAL
19:43:07,226.8938176453829,0.8627470238685278,195.75196590772256,226.8938176453829,NORMAL
19:43:07,234.3805839924451,0.4596337385734869,107.7292240694847,234.3805839924451,NORMAL
19:43:08,216.67312918987236,0.8956997732434505,194.07407268331752,216.67312918987236,NORMAL
19:43:08,219.12342175821968,1.5307425894907971,335.42155404026124,219.12342175821968,FAULT
19:43:09,221.87787471262897,1.131580499393336,251.07267627164873,221.87787471262897,NORMAL
19:43:09,217.313436165037,1.0250428497674293,222.75558389936185,217.313436165037,NORMAL
19:43:10,200.63156695440773,0.5390338096748284,108.1471978764648,200.63156695440773,NORMAL
19:43:10,215.2830424640714,1.3998241074669573,301.3583927700398,215.2830424640714,FAULT
19:43:11,211.264466466914,1.285033784136693,271.481976797598,211.264466466914,FAULT
19:43:11,216.58251777416405,0.9636689295112505,208.71384305428006,216.58251777416405,NORMAL
19:43:12,218.2516899165393,0.8096751317977293,176.7129657982511,218.2516899165393,NORMAL
19:43:12,225.02670333009766,0.7800255631732625,175.5265809940821,225.02670333009766,NORMAL
19:43:13,232.78079063341485,0.8288814136753592,192.94767081669272,232.78079063341485,NORMAL
19:43:13,227.6962684812838,0.9884803187266803,225.07328004125517,227.6962684812838,NORMAL
19:43:13,233.20753658931375,1.0247637553753666,238.98263097710336,233.20753658931375,NORMAL
19:43:14,226.47490441873282,1.3749456965537308,311.3906952079542,226.47490441873282,FAULT
19:43:14,216.51180523889028,0.8160089895498849,176.67557941860832,216.51180523889028,NORMAL
19:43:15,213.84277172163993,1.0589646105712662,226.45192747968662,213.84277172163993,NORMAL
19:43:15,223.52429555669775,1.1333990243612817,253.342218505004,223.52429555669775,NORMAL
19:43:16,222.10494871301077,1.4849941183199413,329.82454248857323,222.10494871301077,FAULT
19:43:16,201.1552347281891,1.298449565465557,261.18992712393924,201.1552347281891,FAULT
19:43:17,219.60928352223334,0.8478708114269827,186.2003014168943,219.60928352223334,NORMAL
19:43:17,215.24027729205875,1.1884528847508429,255.80292846231856,215.24027729205875,NORMAL
19:43:18,221.19574766440016,1.0184157519701769,225.26923369024558,221.19574766440016,NORMAL
19:43:18,234.78712886495634,0.6393338196457281,150.10735190088633,234.78712886495634,NORMAL
19:43:19,231.8532056776343,0.6661106544396476,154.43989056785918,231.8532056776343,NORMAL
19:43:19,202.1916688589486,1.024928831634852,207.23207092990305,202.1916688589486,NORMAL
19:43:20,216.39018809773864,1.2249812615649744,265.07392560625,216.39018809773864,FAULT
19:43:20,211.8554000888812,1.0367402985876026,219.6390307455427,211.8554000888812,NORMAL
19:43:21,204.76463879696675,0.8504294694633548,174.1378831369599,204.76463879696675,NORMAL
19:43:21,221.89351838990783,1.066586651402901,236.6686647474998,221.89351838990783,NORMAL
19:43:22,225.95027302825204,0.8814611844943472,199.1663953003042,225.95027302825204,NORMAL
19:43:22,229.60718368012604,1.3643931893403665,313.2744776367865,229.60718368012604,FAULT
19:43:37,217.494693085675,0.7233303391739273,157.32051011819053,217.494693085675,NORMAL
19:43:37,230.06876042891562,1.3243393062410749,304.68910257417417,230.06876042891562,FAULT
19:43:37,232.15697740434788,1.068943603668501,248.16271604339036,232.15697740434788,NORMAL
19:43:37,230.03734341694812,1.0305109573325397,237.05600298683342,230.03734341694812,NORMAL
19:43:37,237.39991333001868,0.6624697107343602,157.27025191209967,237.39991333001868,NORMAL
19:43:38,212.23652769605104,0.8555464854010397,181.5782153440769,212.23652769605104,NORMAL
19:43:38,220.62554925680675,1.1152776079684177,246.05873483184973,220.62554925680675,NORMAL
19:43:38,227.50065618547234,0.9414482351393795,214.18009125886368,227.50065618547234,NORMAL
19:43:38,218.21489045031927,1.0017605861146202,218.59907655644946,218.21489045031927,NORMAL
19:43:38,230.64434519437722,0.613199912026881,141.43109218268967,230.64434519437722,NORMAL
19:43:39,218.83205516764482,0.9387678802259425,205.43250455521644,218.83205516764482,NORMAL
19:43:39,222.2982291438629,0.7382505042727195,164.11177976438935,222.2982291438629,NORMAL
19:43:39,206.4367554157112,1.031744113161839,212.98990714039041,206.4367554157112,NORMAL
19:43:39,224.78293561210518,1.080163888683883,242.8024098405504,224.78293561210518,NORMAL
19:43:39,216.96327485541352,0.8005781476696041,173.69605669607816,216.96327485541352,NORMAL
19:43:40,230.75555945036683,1.2763136531457238,294.5164710657829,230.75555945036683,FAULT
19:43:40,235.31706354987986,1.4165801192719245,333.34547395020786,235.31706354987986,FAULT
19:43:40,217.09268851137261,0.8121107310930724,176.30330198193147,217.09268851137261,NORMAL
19:43:40,211.88880268304172,1.6045294358967908,339.9818210418673,211.88880268304172,FAULT
19:43:40,217.09554140452036,1.115468000696706,242.16312953066927,217.09554140452036,NORMAL
19:43:41,233.33731719251404,0.7901108078305514,184.3623361839909,233.33731719251404,NORMAL
19:43:41,218.55605677651772,1.481383132063736,323.76525591909757,218.55605677651772,FAULT
19:43:41,216.7140825513037,1.024858190497324,222.1012024988168,216.7140825513037,NORMAL
19:43:41,222.89635461435284,0.9925762204341513,221.24162121166464,222.89635461435284,NORMAL
19:43:41,222.59227803265273,0.7390988152334287,164.51768897404358,222.59227803265273,NORMAL
19:43:41,206.7446569901357,1.0197150000491682,210.82062791286148,206.7446569901357,NORMAL
19:43:42,220.21002985281464,0.8628094747436078,189.9993001905812,220.21002985281464,NORMAL
19:43:42,237.36303185255267,0.6949880289872443,164.96446566164207,237.36303185255267,NORMAL
19:43:42,220.98103242340667,0.6648598784104502,146.92142234804192,220.98103242340667,NORMAL
19:43:42,214.99230477795751,0.6584209432676649,141.5554361071921,214.99230477795751,NORMAL
19:43:42,213.18502309403164,0.9880482951110621,210.63709861127035,213.18502309403164,NORMAL
19:43:43,211.96245088993246,1.1311956807261783,239.77100892282627,211.96245088993246,NORMAL
19:43:43,216.61631445162476,0.9098172503564657,197.08125959672878,216.61631445162476,NORMAL
19:43:43,219.27742434785355,0.8684981284099744,190.44203264867056,219.27742434785355,NORMAL
19:43:43,218.0701805229669,1.1556972003388508,252.02309710778064,218.0701805229669,NORMAL
19:43:43,218.0744308520261,1.1094388910089432,241.94025472187832,218.0744308520261,NORMAL
19:43:43,221.28685055688675,0.7344314424996958,162.52002086070897,221.28685055688675,NORMAL
19:43:44,227.18850356230328,0.5261066520446204,119.52538299219069,227.18850356230328,NORMAL
19:43:44,210.7735206392518,1.0318905651116228,217.49520732300385,210.7735206392518,NORMAL
19:43:44,227.29130677153438,0.7658950190737802,174.08127973508874,227.29130677153438,NORMAL
19:43:44,229.437995697839,1.17741622266945,270.1440182313991,229.437995697839,FAULT
19:43:44,220.11898496180058,1.1239195066083216,247.39602097339147,220.11898496180058,NORMAL
19:43:45,219.07208933790218,1.0519721744918664,230.45774219126938,219.07208933790218,NORMAL
19:43:45,230.5327113613718,0.9282243151310884,213.98606811872222,230.5327113613718,NORMAL
19:43:45,220.92846790877974,1.2590652800296442,278.16336331408803,220.92846790877974,FAULT
19:43:45,219.96822000902557,0.8779876590675272,193.12938255497517,219.96822000902557,NORMAL
19:43:45,230.44850447394364,0.6065571084775971,139.78017852670186,230.44850447394364,NORMAL
19:43:46,213.38929428896333,1.0163211693569352,216.87205710001038,213.38929428896333,NORMAL
19:43:46,231.0669506689421,0.5659639198488889,130.7755571481243,231.0669506689421,NORMAL
19:43:46,215.97638690981145,0.6440933501847805,139.10895460554485,215.97638690981145,NORMAL
19:43:46,218.65526819048728,0.724029070666196,158.31277062422635,218.65526819048728,NORMAL
19:43:46,215.4218100073012,0.5540628949376205,119.35723168534737,215.4218100073012,NORMAL
19:43:47,208.91118422378588,0.9586075059322959,200.2638292701258,208.91118422378588,NORMAL
19:43:47,225.11764566654472,0.8896167937911218,200.26843816367733,225.11764566654472,NORMAL
19:43:47,215.79872005568657,0.6837741837577074,147.5575936620351,215.79872005568657,NORMAL
19:43:47,214.54878103389314,1.3365390148844687,286.7528164477031,214.54878103389314,FAULT
19:43:47,213.50880895315942,1.0283099829870268,219.5532397022037,213.50880895315942,NORMAL
19:43:47,219.63092885810198,1.15134664375723,252.87133280605866,219.63092885810198,NORMAL
19:43:48,221.70427740781446,0.6668690762046541,147.84772666556958,221.70427740781446,NORMAL
19:43:48,224.0860627820597,1.2232942387095371,274.1231895763973,224.0860627820597,FAULT
19:43:48,226.29267521290467,0.961231528396336,217.519654059796,226.29267521290467,NORMAL
19:43:48,233.40976866060723,1.126688870230292,262.9801885529334,233.40976866060723,FAULT
19:43:48,214.5269488412112,0.866156550759569,185.81392205327802,214.5269488412112,NORMAL
19:43:49,222.7334986678343,1.0557445401856274,235.14967513500878,222.7334986678343,NORMAL
19:43:49,226.00302598406145,0.694928786648545,157.0560086260034,226.00302598406145,NORMAL
19:43:49,210.63569323427996,0.8089723669598233,170.3984553219587,210.63569323427996,NORMAL
19:43:49,229.68225957567392,1.086269192023495,249.49676253139796,229.68225957567392,NORMAL
19:43:49,217.005177986388,1.2493032005101659,271.1052633856727,217.005177986388,FAULT
19:43:49,223.3514956781468,0.8421125333664501,188.0870938567099,223.3514956781468,NORMAL
19:43:50,212.8049128238969,0.9688266060239484,206.17106143639825,212.8049128238969,NORMAL
19:43:50,211.62492014148862,1.1534344125886693,244.09546545252198,211.62492014148862,NORMAL
19:43:50,220.3056790586975,1.0877303866120127,239.63318145533904,220.3056790586975,NORMAL
19:43:50,215.09851713319543,0.8238822165918113,177.21584308130875,215.09851713319543,NORMAL
19:43:50,215.78605495062382,0.961807242482555,207.54459047824858,215.78605495062382,NORMAL
19:43:51,215.38242543063427,1.13598455060387,244.6711077607906,215.38242543063427,NORMAL
19:43:51,218.48402768918103,0.885990441336368,193.57476011728474,218.48402768918103,NORMAL
19:43:51,211.8741034996689,0.831440945827494,176.16080501011706,211.8741034996689,NORMAL
19:43:51,218.24602829043042,0.4834544641048585,105.51201665016382,218.24602829043042,NORMAL
19:43:51,224.20442747721478,1.0528842965148457,236.06132089986102,224.20442747721478,NORMAL
19:43:52,219.80741124778123,1.4392425222160552,316.35617296603834,219.80741124778123,FAULT
19:44:49,220.49062083941294,0.2570242086513016,56.6714273362843,220.49062083941294,NORMAL
19:44:49,226.41497787675138,1.1264290717435732,255.04041335855072,226.41497787675138,NORMAL
19:44:50,223.77124406055614,1.1706426857763874,261.9561701465729,223.77124406055614,FAULT
19:44:50,223.70050164853134,1.1274046913265636,252.2009950106599,223.70050164853134,NORMAL
19:44:50,219.12702372920143,1.0314955746499581,226.02855526288764,219.12702372920143,NORMAL
19:44:51,229.8451985681887,1.1225642064162713,258.01599292928904,229.8451985681887,NORMAL
19:44:51,226.6569541526212,1.5918579122865524,360.80566584262044,226.6569541526212,FAULT
19:44:51,214.5862069284864,0.8536654117287552,183.18482268891822,214.5862069284864,NORMAL
19:44:52,218.18162166619888,0.8667071064344489,189.0995619914869,218.18162166619888,NORMAL
19:44:52,228.50167489265687,1.188893293450364,271.66410882205514,228.50167489265687,FAULT
19:44:53,214.16955541867807,0.9960526411688139,213.32415133272494,214.16955541867807,NORMAL
19:44:53,216.514154729176,0.49584237374455276,107.35689243021001,216.514154729176,NORMAL
19:44:53,223.97808968981792,1.1398188652623542,255.29445203387806,223.97808968981792,NORMAL
19:44:54,231.60715370092746,1.0501846723165524,243.2302828155779,231.60715370092746,NORMAL
19:44:54,225.1640008081254,0.9076221757379861,204.36384031134043,225.1640008081254,NORMAL
19:44:54,219.5813454090418,1.1228182226129535,246.54993597114134,219.5813454090418,NORMAL
19:44:55,225.85916571983012,0.9119563207456479,205.97369377653783,225.85916571983012,NORMAL
19:44:55,210.85234161164732,1.3057776121797597,275.3262671521678,210.85234161164732,FAULT
19:44:55,219.97938949082317,0.8755951671254601,192.612890305374,219.97938949082317,NORMAL
19:44:56,218.55139393651544,1.2620999255062026,275.8336980065529,218.55139393651544,FAULT
19:44:56,223.20558680230104,0.9020226135633543,201.33648676935374,223.20558680230104,NORMAL
19:44:56,224.25022328173165,1.333426449316754,299.02117898904874,224.25022328173165,FAULT
19:44:57,214.85814881203746,1.2932010098160975,277.8547750109442,214.85814881203746,FAULT
19:44:57,218.21323889790605,0.8294425457579108,180.99534438955834,218.21323889790605,NORMAL
19:44:58,229.87116417219053,1.0281454084644388,236.3409819820129,229.87116417219053,NORMAL
19:44:58,218.49661290825043,0.9113320422852642,199.1229644740887,218.49661290825043,NORMAL
19:44:58,215.36756344467122,0.9873804405057756,212.64971966465504,215.36756344467122,NORMAL
19:44:59,220.5249312178809,0.8087853226328909,178.35732764364988,220.5249312178809,NORMAL
19:44:59,234.29942679986493,1.3405307723300814,314.0855915645183,234.29942679986493,FAULT
19:44:59,212.8883346718639,1.416410298487722,301.5372296571288,212.8883346718639,FAULT
19:45:00,219.31449042247687,0.9322517230558195,204.4563115874631,219.31449042247687,NORMAL
19:45:00,240.73681308903684,0.9265743295230167,223.0605511794821,240.73681308903684,NORMAL
19:45:00,231.47494339592714,1.3907643880948553,321.92710801132785,231.47494339592714,FAULT
19:45:01,220.59268212556793,0.8944780510350708,197.3153123802769,220.59268212556793,NORMAL
19:45:01,231.49703172353685,0.9371659221016021,216.95112919897224,231.49703172353685,NORMAL
19:45:02,223.76422489762453,1.0216509432700702,228.60893143675423,223.76422489762453,NORMAL
19:45:02,218.21258601966682,1.081859595844231,236.07538011936123,218.21258601966682,NORMAL
19:45:02,214.147918053342,0.9564473114461571,204.82120047391095,214.147918053342,NORMAL
19:45:03,219.34964726090396,1.1559295908756875,253.55274801702308,219.34964726090396,NORMAL
19:45:03,222.63889464343228,0.9756520895975013,217.21810278454262,222.63889464343228,NORMAL
19:45:03,220.3896810428138,1.0667322456925121,235.09677938625723,220.3896810428138,NORMAL
19:45:04,219.21765107424648,0.6514124790946734,142.80111354758597,219.21765107424648,NORMAL
19:45:04,222.98530385503514,0.8283365527728922,184.70687791429572,222.98530385503514,NORMAL
19:45:04,228.54029870488046,1.1000717651657796,251.4107298077924,228.54029870488046,NORMAL
19:45:05,217.73234521587466,1.1333564432468701,246.7683563536634,217.73234521587466,NORMAL
19:45:05,218.80230417970293,1.2945998643655556,283.26143331391444,218.80230417970293,FAULT
19:45:05,214.38382067358043,0.7315723509040144,156.8372756859559,214.38382067358043,NORMAL
19:45:06,225.9747710320085,0.4925358341640065,111.30067235027067,225.9747710320085,NORMAL
19:45:06,216.3927807167597,0.7757150940717245,167.85914625014328,216.3927807167597,NORMAL
19:45:07,215.21953608568936,1.1920289635699273,256.5479205402248,215.21953608568936,NORMAL
19:45:07,218.11206988931454,0.8320241982815479,181.47452008518587,218.11206988931454,NORMAL
19:45:07,228.5931982640368,0.6836466856944903,156.27698236551225,228.5931982640368,NORMAL
19:45:08,212.74361634508503,0.8171467289220147,173.84275019542628,212.74361634508503,NORMAL
19:45:08,223.18655624612117,1.0091671585990576,225.23254280440685,223.18655624612117,NORMAL
19:45:08,219.86061186974135,0.7470790451173259,164.2532559745574,219.86061186974135,NORMAL
19:45:09,227.1753476505024,1.3008137019488593,295.5128049687691,227.1753476505024,FAULT
19:45:09,207.7357215455625,1.3257915181080877,275.4142576331703,207.7357215455625,FAULT
19:45:10,221.45777907088333,0.6704386538867046,148.47385529302227,221.45777907088333,NORMAL
19:45:10,226.04126189491046,0.9550109576788338,215.8718819971905,226.04126189491046,NORMAL
19:45:10,216.89400364833557,0.7419475218515674,160.9239685113474,216.89400364833557,NORMAL
20:37:33,232.6193259568943,1.0016031554762905,232.9922509031931,232.6193259568943,NORMAL
20:37:34,222.22501106596093,0.7977514042203647,177.2803146307564,222.22501106596093,NORMAL
20:37:34,206.98020596965938,0.9118132449188557,188.72729323916823,206.98020596965938,NORMAL
20:37:35,221.74627048446527,0.8881528426993098,196.9445804887479,221.74627048446527,NORMAL
20:37:35,209.29368432151134,1.136978229603566,237.96236266707956,209.29368432151134,NORMAL
20:37:35,211.28413831738024,1.1705564649354212,247.32001404571918,211.28413831738024,NORMAL
20:37:36,235.21286870747542,0.559348828191023,131.56604248697533,235.21286870747542,NORMAL
20:37:36,212.9498728071591,0.7758992923313747,165.227655613131,212.9498728071591,NORMAL
20:37:36,201.61084584081294,1.353637854207639,272.90807274894513,201.61084584081294,FAULT
20:37:37,210.69046067568274,1.3215116243426275,278.429892921018,210.69046067568274,FAULT
20:37:37,219.4782687537833,1.4692086664115351,322.45937454205847,219.4782687537833,FAULT
20:37:38,218.9136279964091,1.3704513442307613,300.0104757581117,218.9136279964091,FAULT
20:37:38,234.41602614835185,1.0997364675673016,257.79585253755266,234.41602614835185,NORMAL
20:37:38,230.78729836531625,0.9897694378137134,228.4262145575848,230.78729836531625,NORMAL
20:37:39,223.2261794026864,0.752440068938398,167.96432181861255,223.2261794026864,NORMAL
20:37:39,210.8360163321304,1.2216636221854067,257.570691399452,210.8360163321304,NORMAL
20:37:39,216.20590790035848,1.5300668364920407,330.809489531991,216.20590790035848,FAULT
20:37:40,230.4642187730424,1.382289543307467,318.5682797165009,230.4642187730424,FAULT
20:37:40,216.16131404122942,0.7393267380702333,159.81383920707748,216.16131404122942,NORMAL
20:37:40,225.3791658328305,1.064385594792158,239.89033747873773,225.3791658328305,NORMAL
20:37:41,226.72997511972636,1.1859394177183207,268.8880146727776,226.72997511972636,FAULT
20:37:41,219.33074767287314,1.0597087448094074,232.42671131452926,219.33074767287314,NORMAL
20:37:41,221.27131201656587,0.7934199752682956,175.561078907767,221.27131201656587,NORMAL
20:37:42,221.9889139965768,1.1308596036919627,251.03829530617804,221.9889139965768,NORMAL
20:37:42,226.34079907139846,1.3701483490827242,310.1204721777412,226.34079907139846,FAULT
20:37:43,220.8051811018233,0.41656295566949464,91.97925886691355,220.8051811018233,NORMAL
20:37:43,221.69318495739012,0.9309997512249795,206.39630004360356,221.69318495739012,NORMAL
20:37:43,209.1644238797459,0.7317256880851271,153.05098198633624,209.1644238797459,NORMAL
20:37:44,223.79097954864577,0.7462511439012818,167.00427448296526,223.79097954864577,NORMAL
20:37:44,210.89283026360854,0.7433255776925793,156.7620348869199,210.89283026360854,NORMAL
20:37:44,228.69118738381144,0.9393641318458527,214.82429869759125,228.69118738381144,NORMAL
20:37:45,208.58276469619776,1.3843217645185097,288.7456608723896,208.58276469619776,FAULT
20:37:45,219.2525278116121,1.0336971198786202,226.6407065249705,219.2525278116121,NORMAL
20:37:45,200.469032324261,1.2508239751234906,250.7514719009917,200.469032324261,NORMAL
20:37:46,221.20116067490542,1.1171196957540657,247.10817331359655,221.20116067490542,NORMAL
20:37:46,231.54235203785294,1.1722453296481874,271.4244407921296,231.54235203785294,FAULT
20:37:46,229.79640813659543,0.6908633116766332,158.75790753664353,229.79640813659543,NORMAL
20:37:47,226.21887476553974,1.1336555996562374,256.4542941258872,226.21887476553974,NORMAL
20:37:47,220.59237196005273,1.337199135833817,294.97592915651444,220.59237196005273,FAULT
20:37:48,212.5943295458786,1.0253035704974913,217.97372515090964,212.5943295458786,NORMAL
20:37:49,238.6869258201999,1.2817503264722303,305.9370450946942,238.6869258201999,FAULT
20:37:50,238.92421774455119,0.9501890883374426,227.02318464043174,238.92421774455119,NORMAL
20:37:50,216.93833515706865,1.2748520719303311,276.5642860561056,216.93833515706865,FAULT
20:37:51,223.4203704614225,0.8538785357329693,190.77385878251698,223.4203704614225,NORMAL
20:37:52,218.33950115520767,1.3428799019503719,293.2037279031984,218.33950115520767,FAULT
20:37:53,215.63692117145183,0.8840347732450904,190.63053671107386,215.63692117145183,NORMAL
20:37:54,219.5667242978631,1.1099895490575928,243.71676929143786,219.5667242978631,NORMAL
20:37:55,204.7189837086193,1.2163715851170689,249.01435471720868,204.7189837086193,NORMAL
20:37:55,221.94938167065706,0.8620131657860111,191.32328913817074,221.94938167065706,NORMAL
20:37:56,217.8816327803111,0.7440274276458659,162.10991076881604,217.8816327803111,NORMAL
20:37:57,231.69354141063403,1.3054070328602447,302.454378425738,231.69354141063403,FAULT
20:37:58,220.55088801673833,1.4739714382070717,325.0857096078786,220.55088801673833,FAULT
20:37:59,216.7991598786115,0.8777911864752013,190.30439177667324,216.7991598786115,NORMAL
20:38:00,228.76288367433776,1.1410890260171869,261.0388161208331,228.76288367433776,FAULT
20:38:00,230.66448398752982,1.0566208441652636,243.72490178984867,230.66448398752982,NORMAL
20:38:01,213.56695875758228,0.9577037657766089,204.53388064759426,213.56695875758228,NORMAL
20:38:02,224.3492033208222,0.665199782383805,149.23704122699093,224.3492033208222,NORMAL
20:38:03,227.3082751869155,1.085550013791027,246.75450126397067,227.3082751869155,NORMAL
20:38:04,218.511840545914,1.0512377760500333,229.70790129608613,218.511840545914,NORMAL
20:38:05,215.59872206796118,0.7799430184529517,168.15471806428465,215.59872206796118,NORMAL
20:38:06,232.08254850230685,1.3754303050097518,319.21337047396844,232.08254850230685,FAULT
20:38:06,205.6028499232116,1.0841230658054186,222.89879199708355,205.6028499232116,NORMAL
20:38:07,224.85344616679086,0.7674817554207926,172.57091757650332,224.85344616679086,NORMAL
20:38:08,221.91802906113907,0.971354196510889,215.56100880996283,221.91802906113907,NORMAL
20:38:09,228.43807617617927,1.1122608616448861,254.0827314402173,228.43807617617927,NORMAL
20:38:10,216.46211358406592,0.8540787517189986,184.8756917643351,216.46211358406592,NORMAL
20:38:11,217.13977835324923,1.1684146098090693,253.7092893986395,217.13977835324923,NORMAL
20:38:11,213.17309982405757,0.7119860359135343,151.7762703071309,213.17309982405757,NORMAL
20:38:12,225.62166355577224,0.4783405108836475,107.92398181168653,225.62166355577224,NORMAL
20:38:13,216.84520357532944,0.9208140754283701,199.67411564129367,216.84520357532944,NORMAL
20:38:14,212.3802912044597,1.1049063580689495,234.66033408034252,212.3802912044597,NORMAL
20:38:15,227.5563231510816,1.1864494017282983,269.9840634620921,227.5563231510816,FAULT
20:38:16,224.88310456961176,1.400652412279359,314.98306289629807,224.88310456961176,FAULT
20:38:16,216.2201669036044,0.8851416369712185,191.3854724792465,216.2201669036044,NORMAL
20:38:17,213.25992092993664,1.1190121018408243,238.6404323582164,213.25992092993664,NORMAL
20:38:18,216.57815959728904,1.2381664144396682,268.1598033145176,216.57815959728904,FAULT
20:38:19,224.4510306372422,0.7182183793709096,161.2048554724105,224.4510306372422,NORMAL
20:38:20,223.3068466654129,1.010663697047394,225.6881232268617,223.3068466654129,NORMAL
20:38:21,210.23825225185965,1.1001488159545232,231.29336428323177,210.23825225185965,NORMAL
20:38:21,223.05617989561085,1.4018334446697664,312.68761301794325,223.05617989561085,FAULT
20:38:22,209.44961478605956,1.0320979660570522,216.17252141212515,209.44961478605956,NORMAL
20:38:23,229.8500622910899,0.9818559538968681,225.67965216407262,229.8500622910899,NORMAL
20:38:24,247.60530433704866,1.2602539799255315,312.04557024143804,247.60530433704866,FAULT
20:38:25,231.3823039216699,1.3251280827993375,306.611188789416,231.3823039216699,FAULT
20:38:26,229.2119533103655,1.1123716794816465,254.96888546112,229.2119533103655,NORMAL
20:38:26,225.4728214159667,0.9695344720662308,218.60367287681282,225.4728214159667,NORMAL
20:38:27,225.89226044572078,1.0226787846838254,231.01522238211192,225.89226044572078,NORMAL
20:38:28,221.54031811366815,1.0118414353126035,224.16367345974476,221.54031811366815,NORMAL
20:38:29,215.97391460932462,1.1620959367904735,250.98240862022882,215.97391460932462,NORMAL
20:38:30,223.40603616833104,1.1947255832520893,266.90890686324667,223.40603616833104,FAULT
20:38:31,228.295333941489,1.075097515916532,245.43974641582992,228.295333941489,NORMAL
20:38:31,230.68305318163823,0.9879507818355083,227.90350274700162,230.68305318163823,NORMAL
20:38:32,204.9805595750725,0.9028613874228721,185.06903241266667,204.9805595750725,NORMAL
20:38:33,215.59767410050694,0.5269213147310194,113.60300988998897,215.59767410050694,NORMAL
20:38:34,217.17427234883857,0.6383142409707929,138.62543081273316,217.17427234883857,NORMAL
20:38:35,212.3251963560827,1.4085796883880595,299.0769589201845,212.3251963560827,FAULT
20:38:36,235.7449008606031,0.8064245625040753,190.11047853907849,235.7449008606031,NORMAL
20:41:48,221.52873438525182,1.313075095372846,290.8838640307404,221.52873438525182,FAULT
20:41:49,229.71238794049842,1.1997446219191428,275.5962020198167,229.71238794049842,FAULT
20:41:49,222.88399568090728,0.4760725094044841,106.10894312990771,222.88399568090728,NORMAL
20:41:50,211.3564003309256,0.7912559503870851,167.23700941423976,211.3564003309256,NORMAL
20:41:50,223.37621796952476,0.9119600334263634,203.71018320614246,223.37621796952476,NORMAL
20:41:51,223.50109474476338,1.1840726499612089,264.6415335236632,223.50109474476338,FAULT
20:41:51,226.46758951225868,1.2039324745944846,272.65168545694155,226.46758951225868,FAULT
20:41:51,220.28731466122582,1.1920364654543183,262.59051195319086,220.28731466122582,FAULT
20:41:52,223.00161603402387,1.1084997599138868,247.19723783412422,223.00161603402387,NORMAL
20:41:52,211.64669702927063,1.1556040922397481,244.57978919605128,211.64669702927063,NORMAL
20:41:52,228.07328345783776,1.1191954642821835,255.2585843699568,228.07328345783776,NORMAL
20:41:53,218.61262929869605,1.0168762186702267,222.30198383481405,218.61262929869605,NORMAL
20:41:53,229.70030990135288,1.0301175998238659,236.6183319143798,229.70030990135288,NORMAL
20:41:53,226.7185377260832,1.4678339157360014,332.7851590004171,226.7185377260832,FAULT
20:41:54,232.33729499715037,1.0677180663300814,248.07072735071907,232.33729499715037,NORMAL
20:41:54,214.25753340324462,1.0254303219074485,219.70617144878503,214.25753340324462,NORMAL
20:41:54,204.25248609474502,0.7962357456233593,162.63313056107413,204.25248609474502,NORMAL
20:41:55,230.88813114728777,0.9905684816318092,228.71050549737487,230.88813114728777,NORMAL
20:41:55,221.87866169680814,1.394034929634315,309.3066045458659,221.87866169680814,FAULT
20:41:56,231.55612974049174,1.2948852866731178,299.8386254399343,231.55612974049174,FAULT
20:41:56,230.4228204078946,0.9670076913516699,222.8206395973786,230.4228204078946,NORMAL
20:41:56,213.73484213308697,0.49898373654696115,106.65021015784261,213.73484213308697,NORMAL
20:41:57,214.27235675965653,1.1968388888687005,256.4494893795051,214.27235675965653,NORMAL
20:41:57,223.8808552931415,0.7095550022697626,158.85578078568142,223.8808552931415,NORMAL
20:41:57,201.8996582818988,1.2753148197038506,257.4856263000488,201.8996582818988,NORMAL
20:41:58,204.21545272871768,0.8488577943248394,173.3498787703478,204.21545272871768,NORMAL
20:41:58,199.05934834215685,0.7821971225220261,155.70364948434474,199.05934834215685,NORMAL
20:41:58,230.68122340465996,1.266742778491643,292.2137738814704,230.68122340465996,FAULT
20:41:59,213.59278066183558,0.6431234878416723,137.366534077041,213.59278066183558,NORMAL
20:41:59,206.86592779160378,1.0992797781096515,227.4035312012014,206.86592779160378,NORMAL
20:42:00,216.64072278391916,1.4339455278133466,310.65099557825187,216.64072278391916,FAULT
20:42:00,226.3507900363162,0.9953412573397714,225.29627995459757,226.3507900363162,NORMAL
20:42:00,230.74562323721327,1.0316814283879943,238.05597417564616,230.74562323721327,NORMAL
20:42:01,222.53343024211657,1.2747601904827082,283.67675792421096,222.53343024211657,FAULT
20:42:01,211.97701193510358,0.835363038178531,177.07776071411485,211.97701193510358,NORMAL
20:42:01,217.9074996230857,1.2150803624659898,264.7751236260765,217.9074996230857,FAULT
20:42:02,240.52273126438305,0.7316518475829807,175.97890071529062,240.52273126438305,NORMAL
20:42:02,215.6047050870455,1.6555578200941181,356.94605555594427,215.6047050870455,FAULT
20:42:02,215.46659388731487,1.0052249084255165,216.59238710913405,215.46659388731487,NORMAL
20:42:03,238.3706367718029,0.7328125659706516,174.68099798480304,238.3706367718029,NORMAL
20:42:03,217.67507942891132,0.935160887577157,203.56122048216886,217.67507942891132,NORMAL
20:42:04,215.70098352755582,0.9037568676412339,194.94124521999723,215.70098352755582,NORMAL
20:42:04,222.5148424256066,1.2333607101309445,274.44106406872135,222.5148424256066,FAULT
20:42:04,211.76669331715834,0.41752502640470757,88.41789421888414,211.76669331715834,NORMAL
20:42:05,211.64983576964124,0.8129241078871836,172.05525392750454,211.64983576964124,NORMAL
20:42:05,212.4877834522912,1.2755891545262028,271.047112041055,212.4877834522912,FAULT
20:42:05,228.87201709024998,1.5236325530117103,348.7168557121574,228.87201709024998,FAULT
20:42:06,212.36813994548174,1.372881742909198,291.5563421067374,212.36813994548174,FAULT
20:42:06,215.5733996767179,0.8646238571136499,186.3899043195863,215.5733996767179,NORMAL
20:42:06,215.0103473282348,1.0202324071754436,219.3605242223132,215.0103473282348,NORMAL
20:42:07,230.03681909217377,1.7266721836637355,397.1981767449434,230.03681909217377,FAULT
20:42:07,220.03760104976396,1.0885051821927119,239.51206901992057,220.03760104976396,NORMAL
20:42:07,217.318842696674,0.7881353266106849,171.2766570673992,217.318842696674,NORMAL
20:42:08,246.5778372893031,1.144888951788882,282.30424166851975,246.5778372893031,FAULT
20:42:08,206.40327878690587,0.39463289513338684,81.45352347270024,206.40327878690587,NORMAL
20:42:09,217.30444584681925,1.0908994004389836,237.0572896870207,217.30444584681925,NORMAL
20:42:09,213.4549187395346,0.9002104996602577,192.15435905345615,213.4549187395346,NORMAL
20:42:09,227.07800039415102,1.3469291487895891,305.8579777797358,227.07800039415102,FAULT
20:42:10,229.82178792054134,0.6044929118558624,138.9256417880085,229.82178792054134,NORMAL
20:42:10,227.84189983814724,1.3327280229674436,303.6512847204403,227.84189983814724,FAULT
20:47:29,224.09903042908493,0.7795971036904703,174.7069550623572,224.09903042908493,NORMAL
20:47:29,237.68201342705163,0.8430418096453087,200.37587471968217,237.68201342705163,NORMAL
20:47:29,221.3395461084677,0.9016070843997763,199.5613028292254,221.3395461084677,NORMAL
20:47:30,211.17514030543543,0.8684580370984458,183.39674783364734,211.17514030543543,NORMAL
20:47:30,236.10275870621965,0.8388404823027527,198.0525519861357,236.10275870621965,NORMAL
20:47:31,223.10637279546293,0.4399062287636968,98.14588306959953,223.10637279546293,NORMAL
20:47:31,223.77834456971732,0.8213720858275265,183.80528564225966,223.77834456971732,NORMAL
20:47:31,223.14940749987488,1.0809589508524058,241.21534941440072,223.14940749987488,NORMAL
20:47:32,219.8007697458258,0.4971572777667753,109.27555233787653,219.8007697458258,NORMAL
20:47:32,202.06309840613125,1.3273501083516814,268.20847556325475,202.06309840613125,FAULT
20:47:32,221.43405123091088,0.9972469936983951,220.82444189248227,221.43405123091088,NORMAL
20:47:33,216.80722538638065,0.977289210281089,211.88336208109,216.80722538638065,NORMAL
20:47:33,227.00146107175868,1.4498427039815902,329.1164121280503,227.00146107175868,FAULT
20:47:33,216.05434137631065,0.8862715010688595,191.48280544402664,216.05434137631065,NORMAL
20:47:34,220.75537481445568,1.0671281829052457,235.57428199231651,220.75537481445568,NORMAL
20:47:34,222.14882566454978,1.2090160888421706,268.5815043458352,222.14882566454978,FAULT
20:47:35,225.89036526086468,0.7658037244481933,172.98768303373296,225.89036526086468,NORMAL
20:47:35,220.60323765697368,0.9619360170403694,212.20619977795928,220.60323765697368,NORMAL
20:47:35,235.06776123019446,1.1122281843951793,261.4489892828987,235.06776123019446,FAULT
20:47:36,211.68161177538965,0.6469408634684112,136.94548470235557,211.68161177538965,NORMAL
20:47:36,217.76265107427793,1.019569304546877,222.02411471208578,217.76265107427793,NORMAL
20:47:36,219.13788999298444,1.2367587506728899,271.0207030528166,219.13788999298444,FAULT
20:47:37,228.3160790189353,1.0167535524089601,232.14118441458734,228.3160790189353,NORMAL
20:47:37,215.34581932824466,1.3038977741358964,280.7889344915691,215.34581932824466,FAULT
20:47:37,225.07138616756916,0.7813115904188865,175.85088268436684,225.07138616756916,NORMAL
20:47:38,218.8804137604457,1.0543875869914154,230.78479130455892,218.8804137604457,NORMAL
20:47:38,225.34594631383328,0.6537152156461364,147.3120738895302,225.34594631383328,NORMAL
20:47:38,215.8538822354983,1.1771345776846973,254.0890685068857,215.8538822354983,NORMAL
20:47:39,212.34743780701135,1.4914032447355041,316.6956577566474,212.34743780701135,FAULT
20:47:39,215.18304441749046,1.2855983531124813,276.63896752085566,215.18304441749046,FAULT
20:47:40,203.59841078478942,1.2487201482725014,254.2374377032279,203.59841078478942,NORMAL
20:47:40,214.88077956631494,1.2311622588739008,264.55310595944906,214.88077956631494,FAULT
20:47:40,236.08362703369946,1.4352153532397576,338.83084616729417,236.08362703369946,FAULT
20:47:41,212.65866604920308,1.0344467280906136,219.98406129471257,212.65866604920308,NORMAL
20:47:41,209.0790410903842,0.9617851724793838,201.08912159693935,209.0790410903842,NORMAL
20:47:41,224.64242240099233,0.7892154172174012,177.29126311992684,224.64242240099233,NORMAL
20:47:42,207.53631024277726,1.0606443275796031,220.1222102258024,207.53631024277726,NORMAL
20:47:42,220.2421015032149,1.3457956467956098,296.40086144414346,220.2421015032149,FAULT
20:47:42,224.44982322645566,1.4522030686309173,325.9467220431259,224.44982322645566,FAULT
20:47:43,202.67052523327973,0.7709771442209413,156.25434276211223,202.67052523327973,NORMAL
20:47:43,219.2167260524068,1.2181393250219117,267.03651470699214,219.2167260524068,FAULT
20:47:43,217.51607916612386,0.6206128692865784,134.99327800725467,217.51607916612386,NORMAL
20:47:44,212.6705973552068,0.8321437808302232,176.97251495458386,212.6705973552068,NORMAL
20:47:44,231.361425311305,0.999261228510101,231.1905020864226,231.361425311305,NORMAL
20:47:45,211.3015302054485,0.7972983780128403,168.47036730443529,211.3015302054485,NORMAL
20:47:45,228.83983003484244,1.0167201077325807,232.66605664653045,228.83983003484244,NORMAL
20:47:45,207.93247005731465,1.0647228442531949,221.39045093201634,207.93247005731465,NORMAL
20:47:46,231.24287845934398,0.9198869582686147,212.7173080872449,231.24287845934398,NORMAL
20:47:46,219.27395331253317,0.9172107960553597,201.12043727199432,219.27395331253317,NORMAL
20:47:46,209.43347098136636,0.9254746826483085,193.82537509241374,209.43347098136636,NORMAL
20:47:47,216.6079974923681,1.0327580008867048,223.70364246629043,216.6079974923681,NORMAL
20:47:47,227.62080276772545,1.0719212852881088,243.99158346109138,227.62080276772545,NORMAL
20:47:48,209.78481788926496,1.3862389512396265,290.8118859368107,209.78481788926496,FAULT
20:47:48,219.89634426829915,0.6316854759626165,138.90532689155992,219.89634426829915,NORMAL
20:47:48,220.14263912518533,0.6141394910662207,135.198288354316,220.14263912518533,NORMAL
20:47:49,214.29386359739343,0.8507538119491507,182.3113213327938,214.29386359739343,NORMAL
20:47:49,225.94474050267004,1.232566253422864,278.49186228197726,225.94474050267004,FAULT
20:47:49,223.26039624913582,1.0241920352565075,228.66151962657673,223.26039624913582,NORMAL
20:47:50,235.9318350249455,1.1973442296620718,282.4916212607024,235.9318350249455,FAULT
20:47:50,226.56824835499856,1.3527907172541653,306.49942319917835,226.56824835499856,FAULT
20:47:55,221.93880777999445,0.5799087948631059,128.7042665530511,221.93880777999445,NORMAL
20:47:56,217.49883158232782,0.8155927629786192,177.3904729948521,217.49883158232782,NORMAL
20:47:56,232.31801004179684,0.9587295098556418,222.73013189800994,232.31801004179684,NORMAL
20:47:57,225.90443600351279,0.7695503271223787,173.84483262489974,225.90443600351279,NORMAL
20:47:57,220.7381827806446,0.9016465103946311,199.02781221502045,220.7381827806446,NORMAL
20:47:57,218.4600608112294,0.9388075232410968,205.09194861728966,218.4600608112294,NORMAL
20:47:58,221.97979379277567,1.2577521193293868,279.19555609116384,221.97979379277567,FAULT
20:47:58,219.73914897066837,1.0132658580984042,222.65417733957736,219.73914897066837,NORMAL
20:47:59,225.90535029808473,1.345230478739584,303.8947625313259,225.90535029808473,FAULT
20:47:59,218.15989990031892,1.047901451367817,228.6100757358019,218.15989990031892,NORMAL
20:48:00,218.39255359521658,1.0973581050487882,239.6548387700128,218.39255359521658,NORMAL
20:48:00,226.93372825886647,0.587491466581654,133.32162883164398,226.93372825886647,NORMAL
20:48:01,225.63239463251574,1.0396477408740512,234.5782093476974,225.63239463251574,NORMAL
20:48:01,221.85733607155288,0.8122497826868983,180.20357301161297,221.85733607155288,NORMAL
20:48:02,213.98729001190122,1.0680505282216666,228.54923812993405,213.98729001190122,NORMAL
20:48:03,216.11713933567196,0.9281437543217846,200.5877730762948,216.11713933567196,NORMAL
20:48:03,224.36277873885777,1.0933386250975,245.30449202939735,224.36277873885777,NORMAL
20:48:04,242.07678837838517,0.6359738466684043,153.9545062941349,242.07678837838517,NORMAL
20:48:05,223.71453621203477,1.0277460132872385,229.92172270632227,223.71453621203477,NORMAL
20:48:05,223.75661961601048,1.1940009156099505,267.16560869530394,223.75661961601048,FAULT
20:48:06,228.71024206009668,0.8980928418214882,205.4030312454327,228.71024206009668,NORMAL
20:48:07,215.54139486759132,0.7544962708731658,162.62517864639818,215.54139486759132,NORMAL
20:48:07,215.4788321411057,0.41402700458298747,89.21405542242236,215.4788321411057,NORMAL
20:48:08,225.79652757737992,0.8618057936684844,194.59275565641173,225.79652757737992,NORMAL
20:48:09,215.19872883538977,0.6713277362722647,144.46887547773116,215.19872883538977,NORMAL
20:48:09,221.1263132927831,1.3588041706801615,300.46735674936167,221.1263132927831,FAULT
20:48:10,227.23835790943613,0.9975736879793506,226.68700675008785,227.23835790943613,NORMAL
20:48:11,214.70650085649814,1.3889349719810329,298.2133677512659,214.70650085649814,FAULT
20:48:11,227.20771016135552,0.9210793087780973,209.27632062447563,227.20771016135552,NORMAL
20:48:12,218.5355727640692,0.7497635290693085,163.8500022627712,218.5355727640692,NORMAL
20:48:13,232.60859894124425,0.9736976442335249,226.49044481755033,232.60859894124425,NORMAL
20:48:13,214.17075054406413,0.5283378288224252,113.15450933972008,214.17075054406413,NORMAL
20:48:14,220.38776386292622,1.1496693187270919,253.3730503360776,220.38776386292622,NORMAL
20:48:15,228.00777566939013,0.9948301256432186,226.82900411681018,228.00777566939013,NORMAL
20:48:15,214.2368916559514,0.5926735728493565,126.97254401387322,214.2368916559514,NORMAL
20:48:16,222.70001431636786,0.8498870143892976,189.2698502717917,222.70001431636786,NORMAL
20:48:17,219.2678083319536,1.3212576876475783,289.7092774122294,219.2678083319536,FAULT
20:48:17,229.4156977588697,0.8187831821852313,187.84171505425257,229.4156977588697,NORMAL
20:48:18,222.84220935919973,1.0550660359914785,235.11324648019402,222.84220935919973,NORMAL
20:48:18,217.020680577259,0.5287560876796871,114.7510060076145,217.020680577259,NORMAL
20:48:19,218.82159808704674,1.1061216472653037,242.04330653327037,218.82159808704674,NORMAL
20:48:20,228.92141570764755,1.2465394849310003,285.3595836258864,228.92141570764755,FAULT
20:48:21,215.42298860470942,0.8662561228585955,186.611482883327,215.42298860470942,NORMAL
20:48:21,223.47200572023922,1.0237906858717378,228.78855800945664,223.47200572023922,NORMAL
20:48:22,223.19814900506364,0.9464273674880225,211.24083659106176,223.19814900506364,NORMAL
20:48:23,216.35188196501136,0.9844400662901803,212.98546102364105,216.35188196501136,NORMAL
20:48:23,219.53719944412478,1.165791954687502,255.93470086658618,219.53719944412478,NORMAL
20:48:24,223.20984143340416,1.0248595297057221,228.7587331171274,223.20984143340416,NORMAL
20:48:25,219.1335044304228,0.8602467851424209,188.50889270326365,219.1335044304228,NORMAL
20:48:25,220.67505154242824,1.1468936458989376,253.0908144224315,220.67505154242824,NORMAL
20:48:26,208.45625537645859,1.1100666973685585,231.4003469515622,208.45625537645859,NORMAL
20:48:27,215.28820460073405,1.1671710376757964,251.27815716319793,215.28820460073405,NORMAL
20:48:27,214.45998193094132,0.4046938165563517,86.79062858623888,214.45998193094132,NORMAL
20:48:28,210.92507394995286,1.2872139784615055,271.5057035964061,210.92507394995286,FAULT
20:48:29,199.84303196052633,0.8875423013585603,177.36914449671787,199.84303196052633,NORMAL
20:48:29,221.21956257418273,1.090441396088083,241.22696865538686,221.21956257418273,NORMAL
20:48:30,229.41115790773281,0.7901052515789251,181.25896063370175,229.41115790773281,NORMAL
20:48:31,209.65638851180182,1.1071756254041774,232.12644307053537,209.65638851180182,NORMAL
20:48:31,212.91745038813949,0.678388056607978,144.4406553867355,212.91745038813949,NORMAL
20:48:32,219.6701511799343,0.7527390128678654,165.3542927557185,219.6701511799343,NORMAL
20:48:33,228.76456647488874,1.1406866096632449,260.94867774332283,228.76456647488874,FAULT
20:48:33,218.23615038860055,0.7087150418325154,154.66724245202417,218.23615038860055,NORMAL
20:48:34,211.96326662000013,1.2805308780928089,271.4255079283289,211.96326662000013,FAULT
20:48:35,218.87206319313566,1.1466853883368384,250.9773967787058,218.87206319313566,NORMAL
20:48:35,225.5730110128315,0.9923919554669649,223.85684149959505,225.5730110128315,NORMAL
20:48:36,213.23297390179712,0.8729342781541265,186.13837215162297,213.23297390179712,NORMAL
20:48:37,219.3558445477145,0.975870803666368,214.06296430769305,219.3558445477145,NORMAL
20:48:37,224.70918240195277,0.7353622823998403,165.24265724730202,224.70918240195277,NORMAL
20:48:38,223.9974819891871,1.155513656610145,258.83214948479065,223.9974819891871,NORMAL
20:48:39,221.98534848475694,0.8311948120954993,184.51307002174147,221.98534848475694,NORMAL
20:48:39,214.295631894285,1.011584295893383,216.77809590280788,214.295631894285,NORMAL
